{
    "accuracy": 0.9459671104150352,
    "precision": 0.8431818181818181,
    "recall": 1.0,
    "auc": 0.9953008693168632
}